﻿{
    "@odata.context": "https://graph.microsoft.com/beta/$metadata#deviceManagement/configurationPolicies/$entity",
    "createdDateTime": "2025-09-29T01:37:18.0842761Z",
    "creationSource": null,
    "description": "Maximum security browser configuration for Microsoft Edge with complete controls, isolation, and zero trust security model for high-risk macOS environments.",
    "lastModifiedDateTime": "2025-10-10T13:59:36.5671942Z",
    "name": "Edge macOS Level 3 High",
    "platforms": "macOS",
    "priorityMetaData": null,
    "roleScopeTagIds": [
        "0"
    ],
    "settingCount": 53,
    "technologies": "mdm,appleRemoteManagement",
    "id": "768a2ab1-d5f4-43ea-afcb-b4a18bb63ab5",
    "templateReference": {
        "templateId": "",
        "templateFamily": "none",
        "templateDisplayName": null,
        "templateDisplayVersion": null
    },
    "settings": [
        {
            "id": "0",
            "settingInstance": {
                "@odata.type": "#microsoft.graph.deviceManagementConfigurationChoiceSettingInstance",
                "settingDefinitionId": "com.apple.managedclient.preferences_downloadrestrictions",
                "settingInstanceTemplateReference": null,
                "choiceSettingValue": {
                    "settingValueTemplateReference": null,
                    "value": "com.apple.managedclient.preferences_downloadrestrictions_3",
                    "children": []
                }
            }
        },
        {
            "id": "1",
            "settingInstance": {
                "@odata.type": "#microsoft.graph.deviceManagementConfigurationChoiceSettingInstance",
                "settingDefinitionId": "com.apple.managedclient.preferences_importautofillformdata",
                "settingInstanceTemplateReference": null,
                "choiceSettingValue": {
                    "settingValueTemplateReference": null,
                    "value": "com.apple.managedclient.preferences_importautofillformdata_false",
                    "children": []
                }
            }
        },
        {
            "id": "2",
            "settingInstance": {
                "@odata.type": "#microsoft.graph.deviceManagementConfigurationChoiceSettingInstance",
                "settingDefinitionId": "com.apple.managedclient.preferences_importsavedpasswords",
                "settingInstanceTemplateReference": null,
                "choiceSettingValue": {
                    "settingValueTemplateReference": null,
                    "value": "com.apple.managedclient.preferences_importsavedpasswords_false",
                    "children": []
                }
            }
        },
        {
            "id": "3",
            "settingInstance": {
                "@odata.type": "#microsoft.graph.deviceManagementConfigurationChoiceSettingInstance",
                "settingDefinitionId": "com.apple.managedclient.preferences_autoplayallowed",
                "settingInstanceTemplateReference": null,
                "choiceSettingValue": {
                    "settingValueTemplateReference": null,
                    "value": "com.apple.managedclient.preferences_autoplayallowed_false",
                    "children": []
                }
            }
        },
        {
            "id": "4",
            "settingInstance": {
                "@odata.type": "#microsoft.graph.deviceManagementConfigurationChoiceSettingInstance",
                "settingDefinitionId": "com.apple.managedclient.preferences_audiocaptureallowed",
                "settingInstanceTemplateReference": null,
                "choiceSettingValue": {
                    "settingValueTemplateReference": null,
                    "value": "com.apple.managedclient.preferences_audiocaptureallowed_false",
                    "children": []
                }
            }
        },
        {
            "id": "5",
            "settingInstance": {
                "@odata.type": "#microsoft.graph.deviceManagementConfigurationChoiceSettingInstance",
                "settingDefinitionId": "com.apple.managedclient.preferences_videocaptureallowed",
                "settingInstanceTemplateReference": null,
                "choiceSettingValue": {
                    "settingValueTemplateReference": null,
                    "value": "com.apple.managedclient.preferences_videocaptureallowed_false",
                    "children": []
                }
            }
        },
        {
            "id": "6",
            "settingInstance": {
                "@odata.type": "#microsoft.graph.deviceManagementConfigurationChoiceSettingInstance",
                "settingDefinitionId": "com.apple.managedclient.preferences_screencaptureallowed",
                "settingInstanceTemplateReference": null,
                "choiceSettingValue": {
                    "settingValueTemplateReference": null,
                    "value": "com.apple.managedclient.preferences_screencaptureallowed_false",
                    "children": []
                }
            }
        },
        {
            "id": "7",
            "settingInstance": {
                "@odata.type": "#microsoft.graph.deviceManagementConfigurationChoiceSettingInstance",
                "settingDefinitionId": "com.apple.managedclient.preferences_personalizationreportingenabled",
                "settingInstanceTemplateReference": null,
                "choiceSettingValue": {
                    "settingValueTemplateReference": null,
                    "value": "com.apple.managedclient.preferences_personalizationreportingenabled_false",
                    "children": []
                }
            }
        },
        {
            "id": "8",
            "settingInstance": {
                "@odata.type": "#microsoft.graph.deviceManagementConfigurationChoiceSettingInstance",
                "settingDefinitionId": "com.apple.managedclient.preferences_quicallowed",
                "settingInstanceTemplateReference": null,
                "choiceSettingValue": {
                    "settingValueTemplateReference": null,
                    "value": "com.apple.managedclient.preferences_quicallowed_false",
                    "children": []
                }
            }
        },
        {
            "id": "9",
            "settingInstance": {
                "@odata.type": "#microsoft.graph.deviceManagementConfigurationSimpleSettingCollectionInstance",
                "settingDefinitionId": "com.apple.managedclient.preferences_autoselectcertificateforurls",
                "settingInstanceTemplateReference": null,
                "simpleSettingCollectionValue": [
                    {
                        "@odata.type": "#microsoft.graph.deviceManagementConfigurationStringSettingValue",
                        "settingValueTemplateReference": null,
                        "value": "*.arnab.fun"
                    }
                ]
            }
        },
        {
            "id": "10",
            "settingInstance": {
                "@odata.type": "#microsoft.graph.deviceManagementConfigurationSimpleSettingCollectionInstance",
                "settingDefinitionId": "com.apple.managedclient.preferences_urlblocklist",
                "settingInstanceTemplateReference": null,
                "simpleSettingCollectionValue": [
                    {
                        "@odata.type": "#microsoft.graph.deviceManagementConfigurationStringSettingValue",
                        "settingValueTemplateReference": null,
                        "value": "*"
                    }
                ]
            }
        },
        {
            "id": "11",
            "settingInstance": {
                "@odata.type": "#microsoft.graph.deviceManagementConfigurationChoiceSettingInstance",
                "settingDefinitionId": "com.apple.managedclient.preferences_trackingprevention",
                "settingInstanceTemplateReference": null,
                "choiceSettingValue": {
                    "settingValueTemplateReference": null,
                    "value": "com.apple.managedclient.preferences_trackingprevention_3",
                    "children": []
                }
            }
        },
        {
            "id": "12",
            "settingInstance": {
                "@odata.type": "#microsoft.graph.deviceManagementConfigurationChoiceSettingInstance",
                "settingDefinitionId": "com.apple.managedclient.preferences_clearbrowsingdataonexit",
                "settingInstanceTemplateReference": null,
                "choiceSettingValue": {
                    "settingValueTemplateReference": null,
                    "value": "com.apple.managedclient.preferences_clearbrowsingdataonexit_true",
                    "children": []
                }
            }
        },
        {
            "id": "13",
            "settingInstance": {
                "@odata.type": "#microsoft.graph.deviceManagementConfigurationSimpleSettingCollectionInstance",
                "settingDefinitionId": "com.apple.managedclient.preferences_extensionallowedtypes",
                "settingInstanceTemplateReference": null,
                "simpleSettingCollectionValue": [
                    {
                        "@odata.type": "#microsoft.graph.deviceManagementConfigurationStringSettingValue",
                        "settingValueTemplateReference": null,
                        "value": "Extension"
                    }
                ]
            }
        },
        {
            "id": "14",
            "settingInstance": {
                "@odata.type": "#microsoft.graph.deviceManagementConfigurationChoiceSettingInstance",
                "settingDefinitionId": "com.apple.managedclient.preferences_automatichttpsdefault",
                "settingInstanceTemplateReference": null,
                "choiceSettingValue": {
                    "settingValueTemplateReference": null,
                    "value": "com.apple.managedclient.preferences_automatichttpsdefault_2",
                    "children": []
                }
            }
        },
        {
            "id": "15",
            "settingInstance": {
                "@odata.type": "#microsoft.graph.deviceManagementConfigurationChoiceSettingInstance",
                "settingDefinitionId": "com.apple.managedclient.preferences_inprivatemodeavailability",
                "settingInstanceTemplateReference": null,
                "choiceSettingValue": {
                    "settingValueTemplateReference": null,
                    "value": "com.apple.managedclient.preferences_inprivatemodeavailability_2",
                    "children": []
                }
            }
        },
        {
            "id": "16",
            "settingInstance": {
                "@odata.type": "#microsoft.graph.deviceManagementConfigurationChoiceSettingInstance",
                "settingDefinitionId": "com.apple.managedclient.preferences_smartscreenenabled",
                "settingInstanceTemplateReference": null,
                "choiceSettingValue": {
                    "settingValueTemplateReference": null,
                    "value": "com.apple.managedclient.preferences_smartscreenenabled_true",
                    "children": []
                }
            }
        },
        {
            "id": "17",
            "settingInstance": {
                "@odata.type": "#microsoft.graph.deviceManagementConfigurationSimpleSettingInstance",
                "settingDefinitionId": "com.apple.managedclient.preferences_homepagelocation",
                "settingInstanceTemplateReference": null,
                "simpleSettingValue": {
                    "@odata.type": "#microsoft.graph.deviceManagementConfigurationStringSettingValue",
                    "settingValueTemplateReference": null,
                    "value": "https://outlook.office.com"
                }
            }
        },
        {
            "id": "18",
            "settingInstance": {
                "@odata.type": "#microsoft.graph.deviceManagementConfigurationSimpleSettingInstance",
                "settingDefinitionId": "com.apple.managedclient.preferences_newtabpagelocation",
                "settingInstanceTemplateReference": null,
                "simpleSettingValue": {
                    "@odata.type": "#microsoft.graph.deviceManagementConfigurationStringSettingValue",
                    "settingValueTemplateReference": null,
                    "value": "https://outlook.office.com"
                }
            }
        },
        {
            "id": "19",
            "settingInstance": {
                "@odata.type": "#microsoft.graph.deviceManagementConfigurationSimpleSettingCollectionInstance",
                "settingDefinitionId": "com.apple.managedclient.preferences_allowtrackingforurls",
                "settingInstanceTemplateReference": null,
                "simpleSettingCollectionValue": [
                    {
                        "@odata.type": "#microsoft.graph.deviceManagementConfigurationStringSettingValue",
                        "settingValueTemplateReference": null,
                        "value": "*.arnab.fun"
                    }
                ]
            }
        },
        {
            "id": "20",
            "settingInstance": {
                "@odata.type": "#microsoft.graph.deviceManagementConfigurationChoiceSettingInstance",
                "settingDefinitionId": "com.apple.managedclient.preferences_extensiondevelopermodesettings",
                "settingInstanceTemplateReference": null,
                "choiceSettingValue": {
                    "settingValueTemplateReference": null,
                    "value": "com.apple.managedclient.preferences_extensiondevelopermodesettings_1",
                    "children": []
                }
            }
        },
        {
            "id": "21",
            "settingInstance": {
                "@odata.type": "#microsoft.graph.deviceManagementConfigurationChoiceSettingInstance",
                "settingDefinitionId": "com.apple.managedclient.preferences_defaultwebhidguardsetting",
                "settingInstanceTemplateReference": null,
                "choiceSettingValue": {
                    "settingValueTemplateReference": null,
                    "value": "com.apple.managedclient.preferences_defaultwebhidguardsetting_0",
                    "children": []
                }
            }
        },
        {
            "id": "22",
            "settingInstance": {
                "@odata.type": "#microsoft.graph.deviceManagementConfigurationChoiceSettingInstance",
                "settingDefinitionId": "com.apple.managedclient.preferences_defaultwebusbguardsetting",
                "settingInstanceTemplateReference": null,
                "choiceSettingValue": {
                    "settingValueTemplateReference": null,
                    "value": "com.apple.managedclient.preferences_defaultwebusbguardsetting_0",
                    "children": []
                }
            }
        },
        {
            "id": "23",
            "settingInstance": {
                "@odata.type": "#microsoft.graph.deviceManagementConfigurationChoiceSettingInstance",
                "settingDefinitionId": "com.apple.managedclient.preferences_developertoolsavailability",
                "settingInstanceTemplateReference": null,
                "choiceSettingValue": {
                    "settingValueTemplateReference": null,
                    "value": "com.apple.managedclient.preferences_developertoolsavailability_2",
                    "children": []
                }
            }
        },
        {
            "id": "24",
            "settingInstance": {
                "@odata.type": "#microsoft.graph.deviceManagementConfigurationSimpleSettingCollectionInstance",
                "settingDefinitionId": "com.apple.managedclient.preferences_extensioninstallforcelist",
                "settingInstanceTemplateReference": null,
                "simpleSettingCollectionValue": [
                    {
                        "@odata.type": "#microsoft.graph.deviceManagementConfigurationStringSettingValue",
                        "settingValueTemplateReference": null,
                        "value": "gaaceiggkkiffbfdpmfapegoiohkiipl"
                    }
                ]
            }
        },
        {
            "id": "25",
            "settingInstance": {
                "@odata.type": "#microsoft.graph.deviceManagementConfigurationSimpleSettingCollectionInstance",
                "settingDefinitionId": "com.apple.managedclient.preferences_extensioninstallblocklist",
                "settingInstanceTemplateReference": null,
                "simpleSettingCollectionValue": [
                    {
                        "@odata.type": "#microsoft.graph.deviceManagementConfigurationStringSettingValue",
                        "settingValueTemplateReference": null,
                        "value": "*"
                    }
                ]
            }
        },
        {
            "id": "26",
            "settingInstance": {
                "@odata.type": "#microsoft.graph.deviceManagementConfigurationChoiceSettingInstance",
                "settingDefinitionId": "com.apple.managedclient.preferences_defaultclipboardsetting",
                "settingInstanceTemplateReference": null,
                "choiceSettingValue": {
                    "settingValueTemplateReference": null,
                    "value": "com.apple.managedclient.preferences_defaultclipboardsetting_0",
                    "children": []
                }
            }
        },
        {
            "id": "27",
            "settingInstance": {
                "@odata.type": "#microsoft.graph.deviceManagementConfigurationChoiceSettingInstance",
                "settingDefinitionId": "com.apple.managedclient.preferences_defaultgeolocationsetting",
                "settingInstanceTemplateReference": null,
                "choiceSettingValue": {
                    "settingValueTemplateReference": null,
                    "value": "com.apple.managedclient.preferences_defaultgeolocationsetting_1",
                    "children": []
                }
            }
        },
        {
            "id": "28",
            "settingInstance": {
                "@odata.type": "#microsoft.graph.deviceManagementConfigurationChoiceSettingInstance",
                "settingDefinitionId": "com.apple.managedclient.preferences_defaultnotificationssetting",
                "settingInstanceTemplateReference": null,
                "choiceSettingValue": {
                    "settingValueTemplateReference": null,
                    "value": "com.apple.managedclient.preferences_defaultnotificationssetting_1",
                    "children": []
                }
            }
        },
        {
            "id": "29",
            "settingInstance": {
                "@odata.type": "#microsoft.graph.deviceManagementConfigurationChoiceSettingInstance",
                "settingDefinitionId": "com.apple.managedclient.preferences_defaultpopupssetting",
                "settingInstanceTemplateReference": null,
                "choiceSettingValue": {
                    "settingValueTemplateReference": null,
                    "value": "com.apple.managedclient.preferences_defaultpopupssetting_1",
                    "children": []
                }
            }
        },
        {
            "id": "30",
            "settingInstance": {
                "@odata.type": "#microsoft.graph.deviceManagementConfigurationChoiceSettingInstance",
                "settingDefinitionId": "com.apple.managedclient.preferences_defaultsensorssetting",
                "settingInstanceTemplateReference": null,
                "choiceSettingValue": {
                    "settingValueTemplateReference": null,
                    "value": "com.apple.managedclient.preferences_defaultsensorssetting_1",
                    "children": []
                }
            }
        },
        {
            "id": "31",
            "settingInstance": {
                "@odata.type": "#microsoft.graph.deviceManagementConfigurationSimpleSettingCollectionInstance",
                "settingDefinitionId": "com.apple.managedclient.preferences_urlallowlist",
                "settingInstanceTemplateReference": null,
                "simpleSettingCollectionValue": [
                    {
                        "@odata.type": "#microsoft.graph.deviceManagementConfigurationStringSettingValue",
                        "settingValueTemplateReference": null,
                        "value": "microsoft.com"
                    },
                    {
                        "@odata.type": "#microsoft.graph.deviceManagementConfigurationStringSettingValue",
                        "settingValueTemplateReference": null,
                        "value": "office.com"
                    },
                    {
                        "@odata.type": "#microsoft.graph.deviceManagementConfigurationStringSettingValue",
                        "settingValueTemplateReference": null,
                        "value": "edge://policy"
                    },
                    {
                        "@odata.type": "#microsoft.graph.deviceManagementConfigurationStringSettingValue",
                        "settingValueTemplateReference": null,
                        "value": "edge://settings"
                    },
                    {
                        "@odata.type": "#microsoft.graph.deviceManagementConfigurationStringSettingValue",
                        "settingValueTemplateReference": null,
                        "value": "microsoftonline.com"
                    },
                    {
                        "@odata.type": "#microsoft.graph.deviceManagementConfigurationStringSettingValue",
                        "settingValueTemplateReference": null,
                        "value": "bing.com"
                    },
                    {
                        "@odata.type": "#microsoft.graph.deviceManagementConfigurationStringSettingValue",
                        "settingValueTemplateReference": null,
                        "value": "azure.com"
                    }
                ]
            }
        },
        {
            "id": "32",
            "settingInstance": {
                "@odata.type": "#microsoft.graph.deviceManagementConfigurationChoiceSettingInstance",
                "settingDefinitionId": "com.apple.managedclient.preferences_syncdisabled",
                "settingInstanceTemplateReference": null,
                "choiceSettingValue": {
                    "settingValueTemplateReference": null,
                    "value": "com.apple.managedclient.preferences_syncdisabled_true",
                    "children": []
                }
            }
        },
        {
            "id": "33",
            "settingInstance": {
                "@odata.type": "#microsoft.graph.deviceManagementConfigurationChoiceSettingInstance",
                "settingDefinitionId": "com.apple.managedclient.preferences_dnsinterceptionchecksenabled",
                "settingInstanceTemplateReference": null,
                "choiceSettingValue": {
                    "settingValueTemplateReference": null,
                    "value": "com.apple.managedclient.preferences_dnsinterceptionchecksenabled_true",
                    "children": []
                }
            }
        },
        {
            "id": "34",
            "settingInstance": {
                "@odata.type": "#microsoft.graph.deviceManagementConfigurationChoiceSettingInstance",
                "settingDefinitionId": "com.apple.managedclient.preferences_edgewalletetreeenabled",
                "settingInstanceTemplateReference": null,
                "choiceSettingValue": {
                    "settingValueTemplateReference": null,
                    "value": "com.apple.managedclient.preferences_edgewalletetreeenabled_false",
                    "children": []
                }
            }
        },
        {
            "id": "35",
            "settingInstance": {
                "@odata.type": "#microsoft.graph.deviceManagementConfigurationChoiceSettingInstance",
                "settingDefinitionId": "com.apple.managedclient.preferences_autofilladdressenabled",
                "settingInstanceTemplateReference": null,
                "choiceSettingValue": {
                    "settingValueTemplateReference": null,
                    "value": "com.apple.managedclient.preferences_autofilladdressenabled_false",
                    "children": []
                }
            }
        },
        {
            "id": "36",
            "settingInstance": {
                "@odata.type": "#microsoft.graph.deviceManagementConfigurationChoiceSettingInstance",
                "settingDefinitionId": "com.apple.managedclient.preferences_autofillcreditcardenabled",
                "settingInstanceTemplateReference": null,
                "choiceSettingValue": {
                    "settingValueTemplateReference": null,
                    "value": "com.apple.managedclient.preferences_autofillcreditcardenabled_false",
                    "children": []
                }
            }
        },
        {
            "id": "37",
            "settingInstance": {
                "@odata.type": "#microsoft.graph.deviceManagementConfigurationChoiceSettingInstance",
                "settingDefinitionId": "com.apple.managedclient.preferences_componentupdatesenabled",
                "settingInstanceTemplateReference": null,
                "choiceSettingValue": {
                    "settingValueTemplateReference": null,
                    "value": "com.apple.managedclient.preferences_componentupdatesenabled_true",
                    "children": []
                }
            }
        },
        {
            "id": "38",
            "settingInstance": {
                "@odata.type": "#microsoft.graph.deviceManagementConfigurationChoiceSettingInstance",
                "settingDefinitionId": "com.apple.managedclient.preferences_smartscreendnsrequestsenabled",
                "settingInstanceTemplateReference": null,
                "choiceSettingValue": {
                    "settingValueTemplateReference": null,
                    "value": "com.apple.managedclient.preferences_smartscreendnsrequestsenabled_true",
                    "children": []
                }
            }
        },
        {
            "id": "39",
            "settingInstance": {
                "@odata.type": "#microsoft.graph.deviceManagementConfigurationChoiceSettingInstance",
                "settingDefinitionId": "com.apple.managedclient.preferences_addressbarmicrosoftsearchinbingproviderenabled",
                "settingInstanceTemplateReference": null,
                "choiceSettingValue": {
                    "settingValueTemplateReference": null,
                    "value": "com.apple.managedclient.preferences_addressbarmicrosoftsearchinbingproviderenabled_false",
                    "children": []
                }
            }
        },
        {
            "id": "40",
            "settingInstance": {
                "@odata.type": "#microsoft.graph.deviceManagementConfigurationChoiceSettingInstance",
                "settingDefinitionId": "com.apple.managedclient.preferences_networkpredictionoptions",
                "settingInstanceTemplateReference": null,
                "choiceSettingValue": {
                    "settingValueTemplateReference": null,
                    "value": "com.apple.managedclient.preferences_networkpredictionoptions_2",
                    "children": []
                }
            }
        },
        {
            "id": "41",
            "settingInstance": {
                "@odata.type": "#microsoft.graph.deviceManagementConfigurationChoiceSettingInstance",
                "settingDefinitionId": "com.apple.managedclient.preferences_printingenabled",
                "settingInstanceTemplateReference": null,
                "choiceSettingValue": {
                    "settingValueTemplateReference": null,
                    "value": "com.apple.managedclient.preferences_printingenabled_false",
                    "children": []
                }
            }
        },
        {
            "id": "42",
            "settingInstance": {
                "@odata.type": "#microsoft.graph.deviceManagementConfigurationChoiceSettingInstance",
                "settingDefinitionId": "com.apple.managedclient.preferences_passwordmanagerenabled",
                "settingInstanceTemplateReference": null,
                "choiceSettingValue": {
                    "settingValueTemplateReference": null,
                    "value": "com.apple.managedclient.preferences_passwordmanagerenabled_false",
                    "children": []
                }
            }
        },
        {
            "id": "43",
            "settingInstance": {
                "@odata.type": "#microsoft.graph.deviceManagementConfigurationChoiceSettingInstance",
                "settingDefinitionId": "com.apple.managedclient.preferences_searchsuggestenabled",
                "settingInstanceTemplateReference": null,
                "choiceSettingValue": {
                    "settingValueTemplateReference": null,
                    "value": "com.apple.managedclient.preferences_searchsuggestenabled_false",
                    "children": []
                }
            }
        },
        {
            "id": "44",
            "settingInstance": {
                "@odata.type": "#microsoft.graph.deviceManagementConfigurationChoiceSettingInstance",
                "settingDefinitionId": "com.apple.managedclient.preferences_siteperprocess",
                "settingInstanceTemplateReference": null,
                "choiceSettingValue": {
                    "settingValueTemplateReference": null,
                    "value": "com.apple.managedclient.preferences_siteperprocess_true",
                    "children": []
                }
            }
        },
        {
            "id": "45",
            "settingInstance": {
                "@odata.type": "#microsoft.graph.deviceManagementConfigurationChoiceSettingInstance",
                "settingDefinitionId": "com.apple.managedclient.preferences_forceephemeralprofiles",
                "settingInstanceTemplateReference": null,
                "choiceSettingValue": {
                    "settingValueTemplateReference": null,
                    "value": "com.apple.managedclient.preferences_forceephemeralprofiles_true",
                    "children": []
                }
            }
        },
        {
            "id": "46",
            "settingInstance": {
                "@odata.type": "#microsoft.graph.deviceManagementConfigurationChoiceSettingInstance",
                "settingDefinitionId": "com.apple.managedclient.preferences_enhancesecuritymode",
                "settingInstanceTemplateReference": null,
                "choiceSettingValue": {
                    "settingValueTemplateReference": null,
                    "value": "com.apple.managedclient.preferences_enhancesecuritymode_2",
                    "children": []
                }
            }
        },
        {
            "id": "47",
            "settingInstance": {
                "@odata.type": "#microsoft.graph.deviceManagementConfigurationChoiceSettingInstance",
                "settingDefinitionId": "com.apple.managedclient.preferences_hidefirstrunexperience",
                "settingInstanceTemplateReference": null,
                "choiceSettingValue": {
                    "settingValueTemplateReference": null,
                    "value": "com.apple.managedclient.preferences_hidefirstrunexperience_true",
                    "children": []
                }
            }
        },
        {
            "id": "48",
            "settingInstance": {
                "@odata.type": "#microsoft.graph.deviceManagementConfigurationSimpleSettingCollectionInstance",
                "settingDefinitionId": "com.apple.managedclient.preferences_webrtclocalipsallowedurls",
                "settingInstanceTemplateReference": null,
                "simpleSettingCollectionValue": [
                    {
                        "@odata.type": "#microsoft.graph.deviceManagementConfigurationStringSettingValue",
                        "settingValueTemplateReference": null,
                        "value": "arnab.fun"
                    }
                ]
            }
        },
        {
            "id": "49",
            "settingInstance": {
                "@odata.type": "#microsoft.graph.deviceManagementConfigurationChoiceSettingInstance",
                "settingDefinitionId": "com.apple.managedclient.preferences_diagnosticdata",
                "settingInstanceTemplateReference": null,
                "choiceSettingValue": {
                    "settingValueTemplateReference": null,
                    "value": "com.apple.managedclient.preferences_diagnosticdata_1",
                    "children": []
                }
            }
        },
        {
            "id": "50",
            "settingInstance": {
                "@odata.type": "#microsoft.graph.deviceManagementConfigurationChoiceSettingInstance",
                "settingDefinitionId": "com.apple.managedclient.preferences_edgeshoppingassistantenabled",
                "settingInstanceTemplateReference": null,
                "choiceSettingValue": {
                    "settingValueTemplateReference": null,
                    "value": "com.apple.managedclient.preferences_edgeshoppingassistantenabled_false",
                    "children": []
                }
            }
        },
        {
            "id": "51",
            "settingInstance": {
                "@odata.type": "#microsoft.graph.deviceManagementConfigurationChoiceSettingInstance",
                "settingDefinitionId": "com.apple.managedclient.preferences_showhomebutton",
                "settingInstanceTemplateReference": null,
                "choiceSettingValue": {
                    "settingValueTemplateReference": null,
                    "value": "com.apple.managedclient.preferences_showhomebutton_true",
                    "children": []
                }
            }
        },
        {
            "id": "52",
            "settingInstance": {
                "@odata.type": "#microsoft.graph.deviceManagementConfigurationChoiceSettingInstance",
                "settingDefinitionId": "com.apple.managedclient.preferences_updatepolicyoverride",
                "settingInstanceTemplateReference": null,
                "choiceSettingValue": {
                    "settingValueTemplateReference": null,
                    "value": "com.apple.managedclient.preferences_updatepolicyoverride_0",
                    "children": []
                }
            }
        }
    ]
}