﻿{
    "@odata.context": "https://graph.microsoft.com/beta/$metadata#deviceManagement/configurationPolicies/$entity",
    "createdDateTime": "2025-09-26T17:03:01.3258176Z",
    "creationSource": null,
    "description": "Enhanced basic browser configuration for Microsoft Edge addressing gap analysis findings (Certificate management, network policies, system integration)",
    "lastModifiedDateTime": "2025-10-10T13:54:16.9715273Z",
    "name": "Edge macOS Level 1 Basic",
    "platforms": "macOS",
    "priorityMetaData": null,
    "roleScopeTagIds": [
        "0"
    ],
    "settingCount": 22,
    "technologies": "mdm,appleRemoteManagement",
    "id": "acf4f1f7-1cce-4352-88fc-1fb0793bebe4",
    "templateReference": {
        "templateId": "",
        "templateFamily": "none",
        "templateDisplayName": null,
        "templateDisplayVersion": null
    },
    "settings": [
        {
            "id": "0",
            "settingInstance": {
                "@odata.type": "#microsoft.graph.deviceManagementConfigurationChoiceSettingInstance",
                "settingDefinitionId": "com.apple.managedclient.preferences_importautofillformdata",
                "settingInstanceTemplateReference": null,
                "choiceSettingValue": {
                    "settingValueTemplateReference": null,
                    "value": "com.apple.managedclient.preferences_importautofillformdata_false",
                    "children": []
                }
            }
        },
        {
            "id": "1",
            "settingInstance": {
                "@odata.type": "#microsoft.graph.deviceManagementConfigurationChoiceSettingInstance",
                "settingDefinitionId": "com.apple.managedclient.preferences_importsavedpasswords",
                "settingInstanceTemplateReference": null,
                "choiceSettingValue": {
                    "settingValueTemplateReference": null,
                    "value": "com.apple.managedclient.preferences_importsavedpasswords_false",
                    "children": []
                }
            }
        },
        {
            "id": "2",
            "settingInstance": {
                "@odata.type": "#microsoft.graph.deviceManagementConfigurationChoiceSettingInstance",
                "settingDefinitionId": "com.apple.managedclient.preferences_personalizationreportingenabled",
                "settingInstanceTemplateReference": null,
                "choiceSettingValue": {
                    "settingValueTemplateReference": null,
                    "value": "com.apple.managedclient.preferences_personalizationreportingenabled_false",
                    "children": []
                }
            }
        },
        {
            "id": "3",
            "settingInstance": {
                "@odata.type": "#microsoft.graph.deviceManagementConfigurationChoiceSettingInstance",
                "settingDefinitionId": "com.apple.managedclient.preferences_quicallowed",
                "settingInstanceTemplateReference": null,
                "choiceSettingValue": {
                    "settingValueTemplateReference": null,
                    "value": "com.apple.managedclient.preferences_quicallowed_false",
                    "children": []
                }
            }
        },
        {
            "id": "4",
            "settingInstance": {
                "@odata.type": "#microsoft.graph.deviceManagementConfigurationSimpleSettingCollectionInstance",
                "settingDefinitionId": "com.apple.managedclient.preferences_autoselectcertificateforurls",
                "settingInstanceTemplateReference": null,
                "simpleSettingCollectionValue": [
                    {
                        "@odata.type": "#microsoft.graph.deviceManagementConfigurationStringSettingValue",
                        "settingValueTemplateReference": null,
                        "value": "*.arnab.fun"
                    }
                ]
            }
        },
        {
            "id": "5",
            "settingInstance": {
                "@odata.type": "#microsoft.graph.deviceManagementConfigurationChoiceSettingInstance",
                "settingDefinitionId": "com.apple.managedclient.preferences_trackingprevention",
                "settingInstanceTemplateReference": null,
                "choiceSettingValue": {
                    "settingValueTemplateReference": null,
                    "value": "com.apple.managedclient.preferences_trackingprevention_3",
                    "children": []
                }
            }
        },
        {
            "id": "6",
            "settingInstance": {
                "@odata.type": "#microsoft.graph.deviceManagementConfigurationChoiceSettingInstance",
                "settingDefinitionId": "com.apple.managedclient.preferences_automatichttpsdefault",
                "settingInstanceTemplateReference": null,
                "choiceSettingValue": {
                    "settingValueTemplateReference": null,
                    "value": "com.apple.managedclient.preferences_automatichttpsdefault_2",
                    "children": []
                }
            }
        },
        {
            "id": "7",
            "settingInstance": {
                "@odata.type": "#microsoft.graph.deviceManagementConfigurationChoiceSettingInstance",
                "settingDefinitionId": "com.apple.managedclient.preferences_smartscreenenabled",
                "settingInstanceTemplateReference": null,
                "choiceSettingValue": {
                    "settingValueTemplateReference": null,
                    "value": "com.apple.managedclient.preferences_smartscreenenabled_true",
                    "children": []
                }
            }
        },
        {
            "id": "8",
            "settingInstance": {
                "@odata.type": "#microsoft.graph.deviceManagementConfigurationSimpleSettingInstance",
                "settingDefinitionId": "com.apple.managedclient.preferences_homepagelocation",
                "settingInstanceTemplateReference": null,
                "simpleSettingValue": {
                    "@odata.type": "#microsoft.graph.deviceManagementConfigurationStringSettingValue",
                    "settingValueTemplateReference": null,
                    "value": "https://outlook.office.com"
                }
            }
        },
        {
            "id": "9",
            "settingInstance": {
                "@odata.type": "#microsoft.graph.deviceManagementConfigurationSimpleSettingInstance",
                "settingDefinitionId": "com.apple.managedclient.preferences_newtabpagelocation",
                "settingInstanceTemplateReference": null,
                "simpleSettingValue": {
                    "@odata.type": "#microsoft.graph.deviceManagementConfigurationStringSettingValue",
                    "settingValueTemplateReference": null,
                    "value": "https://outlook.office.com"
                }
            }
        },
        {
            "id": "10",
            "settingInstance": {
                "@odata.type": "#microsoft.graph.deviceManagementConfigurationChoiceSettingInstance",
                "settingDefinitionId": "com.apple.managedclient.preferences_defaultpopupssetting",
                "settingInstanceTemplateReference": null,
                "choiceSettingValue": {
                    "settingValueTemplateReference": null,
                    "value": "com.apple.managedclient.preferences_defaultpopupssetting_1",
                    "children": []
                }
            }
        },
        {
            "id": "11",
            "settingInstance": {
                "@odata.type": "#microsoft.graph.deviceManagementConfigurationChoiceSettingInstance",
                "settingDefinitionId": "com.apple.managedclient.preferences_dnsinterceptionchecksenabled",
                "settingInstanceTemplateReference": null,
                "choiceSettingValue": {
                    "settingValueTemplateReference": null,
                    "value": "com.apple.managedclient.preferences_dnsinterceptionchecksenabled_true",
                    "children": []
                }
            }
        },
        {
            "id": "12",
            "settingInstance": {
                "@odata.type": "#microsoft.graph.deviceManagementConfigurationChoiceSettingInstance",
                "settingDefinitionId": "com.apple.managedclient.preferences_autofilladdressenabled",
                "settingInstanceTemplateReference": null,
                "choiceSettingValue": {
                    "settingValueTemplateReference": null,
                    "value": "com.apple.managedclient.preferences_autofilladdressenabled_false",
                    "children": []
                }
            }
        },
        {
            "id": "13",
            "settingInstance": {
                "@odata.type": "#microsoft.graph.deviceManagementConfigurationChoiceSettingInstance",
                "settingDefinitionId": "com.apple.managedclient.preferences_autofillcreditcardenabled",
                "settingInstanceTemplateReference": null,
                "choiceSettingValue": {
                    "settingValueTemplateReference": null,
                    "value": "com.apple.managedclient.preferences_autofillcreditcardenabled_false",
                    "children": []
                }
            }
        },
        {
            "id": "14",
            "settingInstance": {
                "@odata.type": "#microsoft.graph.deviceManagementConfigurationChoiceSettingInstance",
                "settingDefinitionId": "com.apple.managedclient.preferences_componentupdatesenabled",
                "settingInstanceTemplateReference": null,
                "choiceSettingValue": {
                    "settingValueTemplateReference": null,
                    "value": "com.apple.managedclient.preferences_componentupdatesenabled_true",
                    "children": []
                }
            }
        },
        {
            "id": "15",
            "settingInstance": {
                "@odata.type": "#microsoft.graph.deviceManagementConfigurationChoiceSettingInstance",
                "settingDefinitionId": "com.apple.managedclient.preferences_networkpredictionoptions",
                "settingInstanceTemplateReference": null,
                "choiceSettingValue": {
                    "settingValueTemplateReference": null,
                    "value": "com.apple.managedclient.preferences_networkpredictionoptions_2",
                    "children": []
                }
            }
        },
        {
            "id": "16",
            "settingInstance": {
                "@odata.type": "#microsoft.graph.deviceManagementConfigurationChoiceSettingInstance",
                "settingDefinitionId": "com.apple.managedclient.preferences_passwordmanagerenabled",
                "settingInstanceTemplateReference": null,
                "choiceSettingValue": {
                    "settingValueTemplateReference": null,
                    "value": "com.apple.managedclient.preferences_passwordmanagerenabled_false",
                    "children": []
                }
            }
        },
        {
            "id": "17",
            "settingInstance": {
                "@odata.type": "#microsoft.graph.deviceManagementConfigurationChoiceSettingInstance",
                "settingDefinitionId": "com.apple.managedclient.preferences_searchsuggestenabled",
                "settingInstanceTemplateReference": null,
                "choiceSettingValue": {
                    "settingValueTemplateReference": null,
                    "value": "com.apple.managedclient.preferences_searchsuggestenabled_false",
                    "children": []
                }
            }
        },
        {
            "id": "18",
            "settingInstance": {
                "@odata.type": "#microsoft.graph.deviceManagementConfigurationChoiceSettingInstance",
                "settingDefinitionId": "com.apple.managedclient.preferences_hidefirstrunexperience",
                "settingInstanceTemplateReference": null,
                "choiceSettingValue": {
                    "settingValueTemplateReference": null,
                    "value": "com.apple.managedclient.preferences_hidefirstrunexperience_true",
                    "children": []
                }
            }
        },
        {
            "id": "19",
            "settingInstance": {
                "@odata.type": "#microsoft.graph.deviceManagementConfigurationChoiceSettingInstance",
                "settingDefinitionId": "com.apple.managedclient.preferences_diagnosticdata",
                "settingInstanceTemplateReference": null,
                "choiceSettingValue": {
                    "settingValueTemplateReference": null,
                    "value": "com.apple.managedclient.preferences_diagnosticdata_1",
                    "children": []
                }
            }
        },
        {
            "id": "20",
            "settingInstance": {
                "@odata.type": "#microsoft.graph.deviceManagementConfigurationChoiceSettingInstance",
                "settingDefinitionId": "com.apple.managedclient.preferences_showhomebutton",
                "settingInstanceTemplateReference": null,
                "choiceSettingValue": {
                    "settingValueTemplateReference": null,
                    "value": "com.apple.managedclient.preferences_showhomebutton_true",
                    "children": []
                }
            }
        },
        {
            "id": "21",
            "settingInstance": {
                "@odata.type": "#microsoft.graph.deviceManagementConfigurationChoiceSettingInstance",
                "settingDefinitionId": "com.apple.managedclient.preferences_updatepolicyoverride",
                "settingInstanceTemplateReference": null,
                "choiceSettingValue": {
                    "settingValueTemplateReference": null,
                    "value": "com.apple.managedclient.preferences_updatepolicyoverride_0",
                    "children": []
                }
            }
        }
    ]
}